{"cameraMode":{"drawMode":0,"name":"Shaded","section":"Shading Mode"},"sceneLighting":false,"audioPlay":false,"sceneViewState":{"m_AlwaysRefresh":false,"showFog":true,"showSkybox":false,"showFlares":true,"showImageEffects":true,"showParticleSystems":true,"showVisualEffectGraphs":true,"m_FxEnabled":true},"in2DMode":false,"pivot":{"x":0.26082149147987368,"y":0.3466164767742157,"z":0.5515605807304382},"rotation":{"x":0.0403624027967453,"y":-0.8503477573394775,"z":0.06595033407211304,"w":0.5205338597297669},"size":1.2570217847824097,"orthographic":false}