{"cameraMode":{"drawMode":0,"name":"Shaded","section":"Shading Mode"},"sceneLighting":false,"audioPlay":false,"sceneViewState":{"m_AlwaysRefresh":false,"showFog":true,"showSkybox":false,"showFlares":true,"showImageEffects":true,"showParticleSystems":true,"showVisualEffectGraphs":true,"m_FxEnabled":true},"in2DMode":false,"pivot":{"x":0.49372079968452456,"y":-0.4883921444416046,"z":1.6797927618026734},"rotation":{"x":0.000029682274544029497,"y":-0.9999468326568604,"z":0.0029998631216585638,"w":0.009898019954562188},"size":0.5737445950508118,"orthographic":false}