{"cameraMode":{"drawMode":0,"name":"Shaded","section":"Shading Mode"},"sceneLighting":false,"audioPlay":false,"sceneViewState":{"m_AlwaysRefresh":false,"showFog":true,"showSkybox":false,"showFlares":true,"showImageEffects":true,"showParticleSystems":true,"showVisualEffectGraphs":true,"m_FxEnabled":true},"in2DMode":false,"pivot":{"x":-0.7000981569290161,"y":-0.31118130683898928,"z":0.4541163146495819},"rotation":{"x":-0.012422862462699414,"y":-0.9776149392127991,"z":0.06050208583474159,"w":-0.2010016292333603},"size":1.282469391822815,"orthographic":false}