{"cameraMode":{"drawMode":0,"name":"Shaded","section":"Shading Mode"},"sceneLighting":false,"audioPlay":false,"sceneViewState":{"m_AlwaysRefresh":false,"showFog":true,"showSkybox":false,"showFlares":true,"showImageEffects":true,"showParticleSystems":true,"showVisualEffectGraphs":true,"m_FxEnabled":true},"in2DMode":false,"pivot":{"x":-0.0010500550270080567,"y":-0.01676410436630249,"z":0.10283634066581726},"rotation":{"x":-0.22326825559139253,"y":-0.5583741068840027,"z":0.15925276279449464,"w":-0.7829433679580689},"size":1.3329789638519288,"orthographic":false}