{"cameraMode":{"drawMode":0,"name":"Shaded","section":"Shading Mode"},"sceneLighting":false,"audioPlay":false,"sceneViewState":{"m_AlwaysRefresh":false,"showFog":true,"showSkybox":false,"showFlares":true,"showImageEffects":true,"showParticleSystems":true,"showVisualEffectGraphs":true,"m_FxEnabled":true},"in2DMode":false,"pivot":{"x":-0.6346771717071533,"y":0.29935020208358767,"z":2.139134645462036},"rotation":{"x":0.06630472838878632,"y":0.8202918171882629,"z":-0.09715715795755387,"w":0.5597394704818726},"size":1.5743255615234376,"orthographic":false}