{"cameraMode":{"drawMode":0,"name":"Shaded","section":"Shading Mode"},"sceneLighting":false,"audioPlay":false,"sceneViewState":{"m_AlwaysRefresh":false,"showFog":true,"showSkybox":false,"showFlares":true,"showImageEffects":true,"showParticleSystems":true,"showVisualEffectGraphs":true,"m_FxEnabled":true},"in2DMode":false,"pivot":{"x":-0.7430321574211121,"y":0.6157122850418091,"z":-3.4945642948150636},"rotation":{"x":0.09202928841114044,"y":-0.30694353580474856,"z":0.029843101277947427,"w":0.9468104243278503},"size":1.570691704750061,"orthographic":false}