{"cameraMode":{"drawMode":0,"name":"Shaded","section":"Shading Mode"},"sceneLighting":false,"audioPlay":false,"sceneViewState":{"m_AlwaysRefresh":false,"showFog":true,"showSkybox":false,"showFlares":true,"showImageEffects":true,"showParticleSystems":true,"showVisualEffectGraphs":true,"m_FxEnabled":true},"in2DMode":false,"pivot":{"x":-0.08944467455148697,"y":0.7065204977989197,"z":-1.8640650510787964},"rotation":{"x":-0.17161256074905396,"y":0.01951010897755623,"z":-0.0033988761715590955,"w":-0.9849682450294495},"size":0.8660253882408142,"orthographic":false}