{"cameraMode":{"drawMode":0,"name":"Shaded","section":"Shading Mode"},"sceneLighting":false,"audioPlay":false,"sceneViewState":{"m_AlwaysRefresh":false,"showFog":true,"showSkybox":false,"showFlares":true,"showImageEffects":true,"showParticleSystems":true,"showVisualEffectGraphs":true,"m_FxEnabled":true},"in2DMode":false,"pivot":{"x":-1.1920928955078126e-7,"y":0.1592525839805603,"z":1.1920928955078126e-7},"rotation":{"x":0.16809505224227906,"y":-0.0014753182185813785,"z":0.00025475103757344186,"w":0.9857639670372009},"size":1.6439601182937623,"orthographic":false}